State,Terminal / Station
Johor,Hentian Putra Bus Terminal
Johor,Senai Airport Bus Terminal
Johor,Ulu Tiram Bus Terminal
Johor,Tawau Bus Terminal
Johor,Batu Pahat Bus Station
Johor,JB Larkin Bus Terminal
Johor,Kota Tinggi Bus Terminal
Johor,Labis Bus Terminal
Johor,Masai Bus Terminal
Johor,Mersing Bus Terminal
Johor,Muar Bus Terminal
Johor,Pasir Gudang Bus Terminal
Johor,Pontian Bus Terminal
Johor,Segamat Bus Station
Johor,Tangkak Bus Terminal
Johor,Terminal Bas Dan Teksi Chaah
Johor,Bandar Penawar Bus Terminal
Johor,Johor Jaya Bus Terminal
Johor,Johor Premium Outlet Bus Terminal
Johor,Sungai Rengit Bus Terminal
Johor,Taman Universiti Bus Terminal
Johor,Terminal Kota Iskandar
Kedah,Alor Setar Bus Terminal
Kedah,Baling Bus Station
Kedah,Changlun Bus Terminal
Kedah,Jitra Bus Station
Kedah,Kulim Bus Terminal
Kedah,Sungai Petani Bus Terminal
Kelantan,Jeli Express Bus Terminal
Kelantan,Kota Bahru Bus Terminal
Kelantan,Terminal Transnasional Kubang Kerian
Kelantan,SKMK Bachok Bus Station
Kelantan,SKMK Kuala Krai Bus Station
Kelantan,SKMK Machang Bus Station
Kelantan,SKMK Pasir Mas Bus Station
Kelantan,SKMK Pasir Puteh Bus Station
Kuala Lumpur,Berjaya Times Square Bus Stop
Kuala Lumpur,Terminal Bas Hentian Duta
Kuala Lumpur,KL Sentral Bus Terminal
Kuala Lumpur,Terminal KTM Kuala Lumpur
Kuala Lumpur,Pekeliling Bus Terminal
Kuala Lumpur,Pudu Sentral Bus Terminal
Kuala Lumpur,Terminal Bersepadu Selatan (TBS)
Melaka,Alor Gajah Bus Terminal
Melaka,Melaka Sentral Bus Terminal
Negeri Sembilan,Bahau Bus Station
Negeri Sembilan,Gemas Bus Station
Negeri Sembilan,Kuala Pilah
Negeri Sembilan,Nilai Bus Terminal
Negeri Sembilan,Terminal One Seremban
Pahang,Awana Bus Terminal
Pahang,Bentong Bus Station
Pahang,Kuala Lipis Bus Terminal
Pahang,Kuala Rompin Bus Terminal
Pahang,Muadzam Shah Bus Terminal
Pahang,Mushroom Farm Bus Terminal
Pahang,Terminal Bas Pekan
Pahang,Raub Bus Terminal
Pahang,Tanah Rata Bus Terminal
Pahang,Temerloh Bus Terminal
Pahang,Terminal Kuantan Sentral
Pahang,Jengka Sentral Bus Terminal
Penang,Butterworth Bus Terminal
Penang,Sungai Nibong Bus Terminal
Penang,Jetty (Penang) Bus Station
Penang,Komtar Bus Terminal
Perak,Batu Gajah Bus Terminal
Perak,Bidor Bus Terminal
Perak,Gerik Bus Terminal
Perak,Ipoh Amanjaya Bus Terminal
Perak,Kampar Bus Terminal
Perak,Kamunting Raya Bus Terminal
Perak,Kuala Kangsar Bus Terminal
Perak,Lumut
Perak,Parit Buntar
Perak,Sri Iskandar
Perak,Sri Manjung Bus Station
Perak,Tanjung Malim
Perak,Teluk Intan Bus Station
Perlis,Terminal Bas Kangar
Perlis,Kuala Perlis Bus Terminal
Sabah,Inanam Bus Terminal
Sabah,Kota Kinabalu Sentral
Sarawak,Kuching Sentral Bus Terminal
Sarawak,Sibu Bus Terminal
Sarawak,Bintulu Sentral Bus Terminal
Sarawak,Miri Express Bus Terminal
Sarawak,Terminal Bas Miri Sentral
Selangor,Kajang Bus Terminal
Selangor,Klang Sentral Bus Terminal
Selangor,KLIA/KLIA2 Bus Terminal
Selangor,One Utama Bus Station
Selangor,Putrajaya Sentral Bus Terminal
Selangor,Shah Alam Bus Terminal
Selangor,Terminal Shah Alam Section 13
Terengganu,Jerteh Bus Terminal
Terengganu,Kuala Besut Bus Station
Terengganu,Kuala Terengganu Bus Terminal
Terengganu,Terminal Bus Express Geliga Besar
Terengganu,Kuala Berang Bus Station
Terengganu,Merang Waterfront Jetty Bus Terminal
